{
  "properties": {
    "connectionReferences": {
      "shared_sql_1": {
        "runtimeSource": "invoker",
        "connection": {
          "connectionReferenceLogicalName": "cj_sharedsql_76708"
        },
        "api": {
          "name": "shared_sql"
        }
      }
    },
    "definition": {
      "$schema": "https://schema.management.azure.com/providers/Microsoft.Logic/schemas/2016-06-01/workflowdefinition.json#",
      "contentVersion": "1.0.0.0",
      "parameters": {
        "$connections": {
          "defaultValue": {},
          "type": "Object"
        },
        "$authentication": {
          "defaultValue": {},
          "type": "SecureObject"
        }
      },
      "triggers": {
        "manual": {
          "metadata": {
            "operationMetadataId": "b9dce483-9272-4f40-bb62-4753dad62dfe"
          },
          "type": "Request",
          "kind": "PowerAppV2",
          "inputs": {
            "schema": {
              "type": "object",
              "properties": {
                "text": {
                  "title": "JSON",
                  "type": "string",
                  "x-ms-dynamically-added": true,
                  "description": "JSON AS INDENT FOUR",
                  "x-ms-content-hint": "TEXT"
                }
              },
              "required": [
                "text"
              ]
            }
          }
        }
      },
      "actions": {
        "Execute_stored_procedure_(V2)": {
          "runAfter": {},
          "metadata": {
            "operationMetadataId": "9763e80e-0e65-457e-af45-aaf90b39f6f9"
          },
          "type": "OpenApiConnection",
          "inputs": {
            "host": {
              "apiId": "/providers/Microsoft.PowerApps/apis/shared_sql",
              "connectionName": "shared_sql_1",
              "operationId": "ExecuteProcedure_V2"
            },
            "parameters": {
              "server": "default",
              "database": "default",
              "procedure": "[dbo].[InsertBookingFromJSON]",
              "parameters/JSON": "@triggerBody()['text']"
            },
            "authentication": {
              "value": "@json(decodeBase64(triggerOutputs().headers['X-MS-APIM-Tokens']))['$ConnectionKey']",
              "type": "Raw"
            }
          }
        },
        "Respond_to_a_PowerApp_or_flow": {
          "runAfter": {
            "Execute_stored_procedure_(V2)": [
              "Succeeded"
            ]
          },
          "metadata": {
            "operationMetadataId": "134839ed-2be4-4dce-9276-7118f5ad7239"
          },
          "type": "Response",
          "kind": "PowerApp",
          "inputs": {
            "statusCode": 200,
            "body": {},
            "schema": {
              "type": "object",
              "properties": {}
            }
          }
        }
      }
    },
    "templateName": null
  },
  "schemaVersion": "1.0.0.0"
}